CREATE TABLE NOTAS_CREDITO 
(
  VALOR NUMERIC(10),
  USUARIOS_IDUSUARIO NUMBER NOT NULL
);

INSERT INTO FESTIVANDES (IDFESTIVAL,DIA,HORAINICIO,HORAFIN) VALUES (1,'Lunes','5:00','8:00');
INSERT INTO FESTIVANDES (IDFESTIVAL,DIA,HORAINICIO,HORAFIN) VALUES (2,'Martes','1:00','5:00');
INSERT INTO FESTIVANDES (IDFESTIVAL,DIA,HORAINICIO,HORAFIN) VALUES (3,'Miercoles','3:00','9:00');
INSERT INTO FESTIVANDES (IDFESTIVAL,DIA,HORAINICIO,HORAFIN) VALUES (4,'Jueves','4:00','7:00');
INSERT INTO FESTIVANDES (IDFESTIVAL,DIA,HORAINICIO,HORAFIN) VALUES (5,'Viernes','11:00','12:00');
COMMIT;

INSERT INTO BANCOS (IDBANCO,CUENTA,SALDOCUENTA,FESTIVANDES_IDFESTIVAL) VALUES (1,12,80000,4);
INSERT INTO BANCOS (IDBANCO,CUENTA,SALDOCUENTA,FESTIVANDES_IDFESTIVAL) VALUES (2,13,75000,3);
INSERT INTO BANCOS (IDBANCO,CUENTA,SALDOCUENTA,FESTIVANDES_IDFESTIVAL) VALUES (3,14,0,2);
INSERT INTO BANCOS (IDBANCO,CUENTA,SALDOCUENTA,FESTIVANDES_IDFESTIVAL) VALUES (4,15,100000,1);
COMMIT;

INSERT INTO ROLES (IDROL,DESCRIPCION) VALUES (1,'Administrador');
INSERT INTO ROLES (IDROL,DESCRIPCION) VALUES (2,'Usuario');
INSERT INTO ROLES (IDROL,DESCRIPCION) VALUES (3,'Operador');
INSERT INTO ROLES (IDROL,DESCRIPCION) VALUES (4,'Compannia');
COMMIT;

INSERT INTO PREFERENCIASCLIENTES (IDPREFERENCIA,TIPO,VALOR,USUARIOS_IDUSUARIO) VALUES (21,'Reservas',10000,10);
INSERT INTO PREFERENCIASCLIENTES (IDPREFERENCIA,TIPO,VALOR,USUARIOS_IDUSUARIO) VALUES (22,'Compras',10000,11);
INSERT INTO PREFERENCIASCLIENTES (IDPREFERENCIA,TIPO,VALOR,USUARIOS_IDUSUARIO) VALUES (23,'Funciones',10000,12);
INSERT INTO PREFERENCIASCLIENTES (IDPREFERENCIA,TIPO,VALOR,USUARIOS_IDUSUARIO) VALUES (24,'Festivales',20000,13);
COMMIT;

INSERT INTO COMPANHIAS (NOMBRE,NOMBREREP,PAISORIGEN,PAGINAWEB,FECHASALIDA,FECHALLEGADA,USUARIOS_IDUSUARIO) VALUES ('Companhia_1','Representante_1','Pais_1','1','8/5/2017','10/5/2017',13);
INSERT INTO COMPANHIAS (NOMBRE,NOMBREREP,PAISORIGEN,PAGINAWEB,FECHASALIDA,FECHALLEGADA,USUARIOS_IDUSUARIO) VALUES ('Companhia_2','Representante_2','Pais_2','0','2/7/2017','4/7/2017',12);
INSERT INTO COMPANHIAS (NOMBRE,NOMBREREP,PAISORIGEN,PAGINAWEB,FECHASALIDA,FECHALLEGADA,USUARIOS_IDUSUARIO) VALUES ('Companhia_3','Representante_3','Pais_3','1','10/7/2017','12/7/2017',11);
INSERT INTO COMPANHIAS (NOMBRE,NOMBREREP,PAISORIGEN,PAGINAWEB,FECHASALIDA,FECHALLEGADA,USUARIOS_IDUSUARIO) VALUES ('Companhia_4','Representante_4','Pais_4','0','27/7/2017','29/7/2017',10);
COMMIT;

INSERT INTO ESPECTACULOS (NOMBRE,DURACION,IDIOMA,COSTO,DESCRIPCION,REQUERIMIENTOS) VALUES ('Espectaculo_1',50,'1','0','Espectaculo1','Requerimientos espectaculo 1');
INSERT INTO ESPECTACULOS (NOMBRE,DURACION,IDIOMA,COSTO,DESCRIPCION,REQUERIMIENTOS) VALUES ('Espectaculo_2',40,'1','1','Espectaculo2','Requerimientos espectaculo 2');
INSERT INTO ESPECTACULOS (NOMBRE,DURACION,IDIOMA,COSTO,DESCRIPCION,REQUERIMIENTOS) VALUES ('Espectaculo_3',30,'0','0','Espectaculo3','Requerimientos espectaculo 3');
INSERT INTO ESPECTACULOS (NOMBRE,DURACION,IDIOMA,COSTO,DESCRIPCION,REQUERIMIENTOS) VALUES ('Espectaculo_4',20,'0','1','Espectaculo4','Requerimientos espectaculo 4');
COMMIT;

INSERT INTO CATEGORIAS (IDCATEGORIA,DESCRIPCION,ESPECTACULOS_NOMBRE) VALUES (31,'Teatro','Espectaculo_4');
INSERT INTO CATEGORIAS (IDCATEGORIA,DESCRIPCION,ESPECTACULOS_NOMBRE) VALUES (32,'Drama','Espectaculo_3');
INSERT INTO CATEGORIAS (IDCATEGORIA,DESCRIPCION,ESPECTACULOS_NOMBRE) VALUES (33,'Musical','Espectaculo_2');
INSERT INTO CATEGORIAS (IDCATEGORIA,DESCRIPCION,ESPECTACULOS_NOMBRE) VALUES (34,'Circo','Espectaculo_1');
COMMIT;

INSERT INTO TIPOSSILLETERIA (IDTIPO,DESCRIPCION) VALUES (41,'Plegable');
INSERT INTO TIPOSSILLETERIA (IDTIPO,DESCRIPCION) VALUES (42,'Fija');
INSERT INTO TIPOSSILLETERIA (IDTIPO,DESCRIPCION) VALUES (43,'Movil');
COMMIT;

INSERT INTO LOCALIDADES (IDLOCALIDAD,DESCRIPCION,NUMERADA) VALUES (51,'VIP','1');
INSERT INTO LOCALIDADES (IDLOCALIDAD,DESCRIPCION,NUMERADA) VALUES (52,'General','0');
INSERT INTO LOCALIDADES (IDLOCALIDAD,DESCRIPCION,NUMERADA) VALUES (53,'Platea','1');
INSERT INTO LOCALIDADES (IDLOCALIDAD,DESCRIPCION,NUMERADA) VALUES (54,'Platea Occidente','0');
INSERT INTO LOCALIDADES (IDLOCALIDAD,DESCRIPCION,NUMERADA) VALUES (55,'Platea Oriente','1');
COMMIT;

INSERT INTO USUARIOS (IDUSUARIO,NOMBRE,EMAIL,FESTIVANDES_IDFESTIVAL,ROLES_IDROL) VALUES (10,'Tatiana','tv.huertas10@uniandes.edu.co',4,1);
INSERT INTO USUARIOS (IDUSUARIO,NOMBRE,EMAIL,FESTIVANDES_IDFESTIVAL,ROLES_IDROL) VALUES (11,'Vanessa','tvanessahb203@gmail.com',3,2);
INSERT INTO USUARIOS (IDUSUARIO,NOMBRE,EMAIL,FESTIVANDES_IDFESTIVAL,ROLES_IDROL) VALUES (12,'Camilo','cpenagos88@uniandes.edu.co',4,2);
INSERT INTO USUARIOS (IDUSUARIO,NOMBRE,EMAIL,FESTIVANDES_IDFESTIVAL,ROLES_IDROL) VALUES (13,'Juan','juanm@uniandes.edu.co',2,2);
COMMIT;


